"","r_wd","bookmark_choose_wd","num_windows_wd","num_tabs_wd"
"1",0,223593,1.24079891275478,4.95736788293372
"2",1,250071,1.21367945681018,5.1014107319029
"3",2,209087,1.25372339279061,5.62127468277648
"4",3,209536,1.20406359364749,5.22763170592021
"5",4,235245,1.20767025220117,5.00270666752733
"6",5,226350,1.20612915266036,4.89437221209595
"7",6,209222,1.22907988803595,4.8635328200601
